City_ID,City,Country,Lat,Lng,Max Temp,Humidity,Cloudiness,Wind Speed,Current Weather,Weather Description
0,Tiksi,RU,71.6872,128.8694,11.34,97,100,7.76,Snow,light snow
1,Rikitea,PF,-23.1203,-134.9692,73.63,83,100,12.21,Rain,moderate rain
2,Touros,BR,-5.1989,-35.4608,81.21,76,96,12.55,Clouds,overcast clouds
3,Bathsheba,BB,13.2167,-59.5167,86.61,51,20,17.27,Clouds,few clouds
4,Kapaa,US,22.0752,-159.319,76.98,82,75,14.97,Rain,light rain
5,Clyde River,CA,70.4692,-68.5914,5.23,78,0,6.91,Haze,haze
6,Kendrapara,IN,20.5042,86.416,80.46,84,0,12.88,Clear,clear sky
7,Kerchevskiy,RU,59.946,56.2884,24.87,94,84,2.93,Clouds,broken clouds
8,Rundu,NA,-17.9333,19.7667,63.59,49,0,4.07,Clear,clear sky
9,Manono,CD,-7.3,27.4167,74.44,79,71,2.82,Clouds,broken clouds
10,Hasaki,JP,35.7333,140.8333,63.28,88,100,6.29,Clouds,overcast clouds
11,New Norfolk,AU,-42.7826,147.0587,45.9,79,6,3.18,Clear,clear sky
12,Severodvinsk,RU,64.5635,39.8302,33.91,99,100,10.18,Snow,light snow
13,Bubaque,GW,11.2833,-15.8333,77.13,81,84,21.61,Clouds,broken clouds
14,Faanui,PF,-16.4833,-151.75,79.12,77,70,11.01,Rain,moderate rain
15,Busselton,AU,-33.65,115.3333,57.22,73,0,13.09,Clear,clear sky
16,Albany,US,42.6001,-73.9662,59.04,45,17,1.99,Clouds,few clouds
17,Pochutla,MX,15.7432,-96.4661,88.83,46,81,9.71,Clouds,broken clouds
18,Labuhan,ID,-6.8844,112.2051,78.73,88,96,5.26,Clouds,overcast clouds
19,Kruisfontein,ZA,-34.0033,24.7314,58.89,82,100,9.1,Clouds,overcast clouds
20,Cabo San Lucas,MX,22.8909,-109.9124,80.51,66,0,4.61,Clear,clear sky
21,Kavieng,PG,-2.5744,150.7967,81.93,77,99,10.07,Clouds,overcast clouds
22,Bousso,TD,10.4795,16.7117,91.54,33,23,6.29,Clouds,few clouds
23,Chifeng,CN,42.2683,118.9636,49.12,38,48,6.6,Clouds,scattered clouds
24,Ponta Do Sol,PT,32.6667,-17.1,65.03,65,89,15.17,Clouds,overcast clouds
25,Lavrentiya,RU,65.5833,-171.0,25.81,81,12,4.9,Clouds,few clouds
26,Ushuaia,AR,-54.8,-68.3,49.66,50,40,13.8,Clouds,scattered clouds
27,Hilo,US,19.7297,-155.09,80.28,90,100,4.61,Rain,light rain
28,Tuktoyaktuk,CA,69.4541,-133.0374,8.6,72,0,13.8,Clear,clear sky
29,College,US,64.8569,-147.8028,45.21,42,75,8.05,Clouds,broken clouds
30,Keokuk,US,40.3973,-91.3849,84.09,61,40,20.71,Clouds,scattered clouds
31,Qaanaaq,GL,77.484,-69.3632,7.18,72,100,2.35,Clouds,overcast clouds
32,Comodoro Rivadavia,AR,-45.8667,-67.5,57.06,38,0,13.8,Clear,clear sky
33,Pisco,PE,-13.7,-76.2167,69.85,73,0,20.71,Clear,clear sky
34,Atuona,PF,-9.8,-139.0333,79.25,74,75,15.19,Clouds,broken clouds
35,Srednekolymsk,RU,67.45,153.6833,14.49,95,100,5.99,Clouds,overcast clouds
36,Cabedelo,BR,-6.9811,-34.8339,84.87,80,99,11.61,Clouds,overcast clouds
37,Larreynaga,NI,12.6769,-86.5719,88.45,48,97,3.78,Clouds,overcast clouds
38,Punta Arenas,CL,-53.15,-70.9167,48.31,61,75,11.5,Clouds,broken clouds
39,Georgetown,MY,5.4112,100.3354,80.53,93,20,2.3,Clouds,few clouds
40,Hambantota,LK,6.1241,81.1185,80.46,80,91,7.9,Clouds,overcast clouds
41,Skjervoy,NO,70.0311,20.9714,37.4,71,100,13.27,Clouds,overcast clouds
42,San Cristobal,VE,7.7669,-72.225,80.78,61,72,4.88,Clouds,broken clouds
43,Yamada,JP,39.4667,141.95,52.5,78,100,6.85,Clouds,overcast clouds
44,Semme,FR,46.1963,1.5007,57.61,92,100,3.96,Clouds,overcast clouds
45,Mar Del Plata,AR,-38.0023,-57.5575,58.87,76,75,17.27,Clouds,broken clouds
46,Makakilo City,US,21.3469,-158.0858,77.32,67,75,11.5,Clouds,broken clouds
47,Upernavik,GL,72.7868,-56.1549,13.05,83,100,3.8,Clouds,overcast clouds
48,Alpatovo,RU,43.7028,45.2415,56.17,62,100,4.99,Clouds,overcast clouds
49,Chuy,UY,-33.6971,-53.4616,56.97,95,100,7.76,Rain,light rain
50,Basoko,CD,1.2391,23.616,73.89,90,92,3.65,Clouds,overcast clouds
51,Cape Town,ZA,-33.9258,18.4232,60.12,71,20,18.41,Clouds,few clouds
52,Dunedin,NZ,-45.8742,170.5036,50.81,64,96,1.01,Clouds,overcast clouds
53,Bengkulu,ID,-3.8004,102.2655,77.07,88,100,5.79,Clouds,overcast clouds
54,Sao Felix Do Xingu,BR,-6.6447,-51.995,82.83,75,72,1.39,Clouds,broken clouds
55,Quelimane,MZ,-17.8786,36.8883,80.55,89,40,3.44,Clouds,scattered clouds
56,Verkh-Usugli,RU,52.7,115.1667,26.91,29,100,4.47,Clouds,overcast clouds
57,Chokwe,MZ,-24.5333,32.9833,68.9,86,99,4.52,Clouds,overcast clouds
58,Middlebury,US,44.0153,-73.1673,57.0,49,75,14.97,Clouds,broken clouds
59,Florianopolis,BR,-27.6146,-48.5012,76.35,77,0,8.05,Clear,clear sky
60,Fonte Boa,BR,-2.4959,-66.2662,82.9,83,58,3.71,Rain,light rain
61,Ostrovnoy,RU,68.0531,39.5131,29.62,91,100,12.95,Clouds,overcast clouds
62,Lyuban,BY,52.7985,28.0048,42.31,97,100,4.88,Clouds,overcast clouds
63,Mataura,NZ,-46.1927,168.8643,48.47,97,21,2.62,Clouds,few clouds
64,Khatanga,RU,71.9667,102.5,-6.83,100,80,6.96,Clouds,broken clouds
65,Nijar,ES,36.9665,-2.206,59.65,72,0,10.36,Clear,clear sky
66,Dikson,RU,73.5069,80.5464,-7.22,100,100,6.42,Clouds,overcast clouds
67,Thompson,CA,55.7435,-97.8558,42.96,26,20,4.61,Clouds,few clouds
68,Rafaela,AR,-31.2503,-61.4867,57.99,70,100,3.0,Clouds,overcast clouds
69,Vaini,TO,-21.2,-175.2,71.76,94,20,3.44,Clouds,few clouds
70,Nikolskoye,RU,59.7035,30.7861,48.09,76,82,3.83,Clouds,broken clouds
71,Waipawa,NZ,-41.4122,175.5153,47.79,82,20,6.82,Clouds,few clouds
72,Carnarvon,AU,-24.8667,113.6333,66.27,88,0,5.75,Clear,clear sky
73,Liku,ID,-0.7275,119.8922,74.41,95,99,2.98,Clouds,overcast clouds
74,Barrow,US,71.2906,-156.7887,-0.38,78,0,10.36,Clear,clear sky
75,Astana,KZ,51.1801,71.446,26.55,74,0,8.95,Clear,clear sky
76,Saint-Philippe,RE,-21.3585,55.7679,76.59,83,71,18.75,Rain,light rain
77,Portland,US,45.5234,-122.6762,62.38,63,20,5.75,Clouds,few clouds
78,Manoel Urbano,BR,-8.8389,-69.2597,86.5,59,99,5.26,Rain,light rain
79,Victoria,HK,22.2855,114.1577,77.38,90,9,4.0,Clear,clear sky
80,Laguna,US,38.421,-121.4238,65.28,53,0,4.61,Clear,clear sky
81,La Romana,DO,18.4273,-68.9728,80.96,78,40,6.91,Clouds,scattered clouds
82,Lander,US,42.833,-108.7307,59.4,35,0,5.75,Clear,clear sky
83,Provideniya,RU,64.3833,-173.3,30.76,69,24,2.57,Clouds,few clouds
84,Torbay,CA,47.6666,-52.7314,48.97,62,100,12.66,Clouds,overcast clouds
85,Pak Phanang,TH,8.3511,100.202,81.75,80,100,6.17,Clouds,overcast clouds
86,Bakel,SN,14.905,-12.4568,95.31,11,100,4.52,Clouds,overcast clouds
87,Sinaloa,MX,25.0,-107.5,90.1,37,8,7.0,Clear,clear sky
88,Kailua,US,21.4022,-157.7394,78.78,73,100,8.05,Clouds,overcast clouds
89,Arraial Do Cabo,BR,-22.9661,-42.0278,80.56,78,0,9.22,Clear,clear sky
90,Souillac,MU,-20.5167,57.5167,77.38,73,75,14.97,Clouds,broken clouds
91,Jiupu,CN,41.0667,122.95,50.0,29,3,10.02,Clear,clear sky
92,San Patricio,US,28.017,-97.5169,86.16,55,5,21.88,Clear,clear sky
93,Bambous Virieux,MU,-20.3428,57.7575,77.25,73,75,14.97,Clouds,broken clouds
94,Betare Oya,CM,5.6,14.0833,73.36,76,95,3.76,Clouds,overcast clouds
95,Avarua,CK,-21.2078,-159.775,77.05,73,75,11.5,Clouds,broken clouds
96,Butaritari,KI,3.0707,172.7902,81.93,75,25,20.31,Clouds,scattered clouds
97,Ishigaki,JP,24.3448,124.1572,78.93,100,100,6.91,Rain,light rain
98,Alugan,PH,12.2188,125.4808,79.5,83,55,10.0,Clouds,broken clouds
99,Port Elizabeth,ZA,-33.918,25.5701,61.32,85,0,16.11,Clear,clear sky
100,Jiuquan,CN,39.7432,98.5174,55.26,13,100,9.35,Clouds,overcast clouds
101,Hermanus,ZA,-34.4187,19.2345,58.8,61,85,11.16,Clouds,overcast clouds
102,Borgarnes,IS,64.5383,-21.9206,51.8,70,66,3.78,Clouds,broken clouds
103,Baki,ID,-7.6128,110.7839,74.14,92,38,2.59,Clouds,scattered clouds
104,Port Blair,IN,11.6667,92.75,80.64,89,20,2.3,Mist,mist
105,Chokurdakh,RU,70.6333,147.9167,3.0,98,100,5.97,Clouds,overcast clouds
106,Pevek,RU,69.7008,170.3133,4.69,97,81,6.06,Clouds,broken clouds
107,Nizwa,OM,22.9333,57.5333,82.81,24,90,2.8,Clouds,overcast clouds
108,Elizabeth City,US,36.2946,-76.2511,78.82,56,20,12.66,Clouds,few clouds
109,Geraldton,AU,-28.7667,114.6,68.41,40,0,21.85,Clear,clear sky
110,Esperance,AU,-33.8667,121.9,55.24,85,4,7.74,Clear,clear sky
111,Kaitangata,NZ,-46.2817,169.8464,47.17,80,91,9.24,Clouds,overcast clouds
112,Bethel,US,41.3712,-73.414,67.3,38,0,10.36,Clear,clear sky
113,Sitka,US,57.0531,-135.33,51.69,30,75,10.36,Clouds,broken clouds
114,Rio Gallegos,AR,-51.6226,-69.2181,55.45,30,0,14.97,Clear,clear sky
115,Oum Hadjer,TD,13.2954,19.6966,95.59,20,57,6.89,Clouds,broken clouds
116,Verkhoyansk,RU,67.5447,133.385,9.97,98,99,2.75,Clouds,overcast clouds
117,Nanortalik,GL,60.1432,-45.2371,35.96,98,100,1.97,Rain,light rain
118,Leh,IN,34.1667,77.5833,38.57,61,69,4.52,Clouds,broken clouds
119,Amiens,FR,49.9,2.3,54.59,64,99,13.06,Clouds,overcast clouds
120,Monrovia,LR,6.3005,-10.7969,85.77,82,97,9.71,Clouds,overcast clouds
121,Cidreira,BR,-30.1811,-50.2056,72.03,75,100,10.56,Clouds,overcast clouds
122,Banyo,CM,6.75,11.8167,73.45,69,100,0.87,Clouds,overcast clouds
123,Verkhnevilyuysk,RU,63.4453,120.3167,13.69,98,98,2.28,Clouds,overcast clouds
124,Pribyslav,CZ,49.5768,15.7386,49.26,51,100,10.67,Rain,light rain
125,Eureka,US,40.8021,-124.1637,60.21,72,60,4.0,Clouds,broken clouds
126,Nelson Bay,AU,-32.7167,152.15,68.0,62,96,10.51,Rain,light rain
127,Brownsville,US,25.9018,-97.4975,89.6,61,75,24.16,Clouds,broken clouds
128,Gat,IL,31.61,34.7642,74.39,100,99,6.29,Clouds,overcast clouds
129,Guangyuan,CN,32.442,105.823,60.35,83,31,3.94,Clouds,scattered clouds
130,Vestmannaeyjar,IS,63.4427,-20.2734,46.76,85,100,16.91,Clouds,overcast clouds
131,Port Hardy,CA,50.6996,-127.4199,50.18,76,75,11.5,Clouds,broken clouds
132,Tucurui,BR,-3.7661,-49.6725,78.57,93,100,2.59,Clouds,overcast clouds
133,Alofi,NU,-19.0595,-169.9187,76.89,100,5,1.14,Clear,clear sky
134,Tarko-Sale,RU,64.9225,77.785,2.66,97,99,11.54,Clouds,overcast clouds
135,Sao Miguel Do Araguaia,BR,-13.275,-50.1628,83.91,62,100,5.41,Clouds,overcast clouds
136,Katangli,RU,51.7102,143.2326,30.07,98,100,12.86,Snow,snow
137,Nishihara,JP,26.1842,127.7558,75.25,94,40,10.36,Clouds,scattered clouds
138,Ribeira Grande,PT,38.5167,-28.7,59.4,63,75,10.36,Clouds,broken clouds
139,Dubai,AE,25.2582,55.3047,85.93,32,0,3.44,Clear,clear sky
140,Fairbanks,US,64.8378,-147.7164,45.23,41,75,8.05,Clouds,broken clouds
141,Iquique,CL,-20.2208,-70.1431,68.04,77,16,10.25,Clouds,few clouds
142,Hithadhoo,MV,-0.6,73.0833,84.79,71,100,11.61,Clouds,overcast clouds
143,Lata,PT,40.1629,-8.3327,50.81,95,100,4.72,Clouds,overcast clouds
144,Constitucion,CL,-35.3333,-72.4167,57.36,93,99,2.66,Clouds,overcast clouds
145,Gladstone,AU,-23.85,151.25,69.73,73,79,8.05,Clouds,broken clouds
146,Wodonga,AU,-36.1167,146.8833,52.97,100,100,0.0,Clouds,overcast clouds
147,Idil,TR,37.3411,41.8895,60.91,40,0,7.11,Clear,clear sky
148,Namatanai,PG,-3.6667,152.4333,79.25,83,97,6.02,Clouds,overcast clouds
149,Acapulco,MX,16.8634,-99.8901,85.82,66,0,9.22,Clear,clear sky
150,Hobart,AU,-42.8794,147.3294,46.26,87,3,8.05,Clear,clear sky
151,Ler,SS,8.3018,30.1418,81.32,59,62,4.16,Rain,light rain
152,Rajpipla,IN,21.8667,73.5,89.31,18,2,1.7,Clear,clear sky
153,Severo-Kurilsk,RU,50.6789,156.125,39.18,95,100,6.4,Clouds,overcast clouds
154,Vardo,NO,70.3705,31.1107,35.58,93,75,11.5,Clouds,broken clouds
155,Bud,US,39.447,-86.1758,76.89,52,81,11.18,Clouds,broken clouds
156,Saint-Pierre,RE,-21.3393,55.4781,76.68,82,100,23.02,Clouds,overcast clouds
157,Saint Anthony,US,45.0205,-93.218,51.04,86,100,24.16,Clouds,overcast clouds
158,Quatre Cocos,MU,-20.2078,57.7625,77.11,70,97,19.06,Clouds,overcast clouds
159,Fortuna,US,40.5982,-124.1573,59.94,70,100,8.05,Clouds,overcast clouds
160,Komsomolskiy,UZ,40.4272,71.7189,63.32,45,16,6.91,Clouds,few clouds
161,Port Alfred,ZA,-33.5906,26.891,61.18,92,100,1.99,Clouds,overcast clouds
162,Kamenka,RU,51.3223,42.7678,45.3,92,96,4.68,Clouds,overcast clouds
163,Jamestown,US,42.097,-79.2353,60.53,27,0,8.05,Clear,clear sky
164,Bandarbeyla,SO,9.4942,50.8122,82.49,79,25,11.48,Clouds,scattered clouds
165,Slave Lake,CA,55.2834,-114.769,39.18,75,20,6.91,Clouds,few clouds
166,Airai,TL,-8.9266,125.4092,58.6,78,62,2.89,Clouds,broken clouds
167,Faya,SA,18.3851,42.4509,66.31,36,95,2.15,Rain,light rain
168,Margherita,IN,27.2833,95.6833,68.61,96,76,0.51,Clouds,broken clouds
169,Mathbaria,BD,22.2876,89.9593,79.93,86,9,8.75,Clear,clear sky
170,Bluff,NZ,-46.6,168.3333,48.79,79,96,25.08,Clouds,overcast clouds
171,Shubarkuduk,KZ,49.1447,56.4872,52.02,82,87,16.89,Clouds,overcast clouds
172,Gorontalo,ID,0.5412,123.0595,75.42,94,93,2.59,Clouds,overcast clouds
173,Nome,US,64.5011,-165.4064,39.16,56,0,14.97,Clear,clear sky
174,Belgrade,RS,44.804,20.4651,59.43,85,40,5.75,Rain,moderate rain
175,Guamuchil,MX,25.4667,-108.1,88.75,22,99,12.12,Clouds,overcast clouds
176,Ewa Beach,US,21.3156,-158.0072,78.75,67,40,11.5,Clouds,scattered clouds
177,Anadyr,RU,64.75,177.4833,27.1,92,0,2.24,Clear,clear sky
178,Yellowknife,CA,62.456,-114.3525,41.52,24,75,2.3,Clouds,broken clouds
179,Tabas,IR,33.5959,56.9244,82.62,20,100,4.61,Clouds,overcast clouds
180,Lichuan,CN,30.3,108.85,56.3,92,76,2.59,Clouds,broken clouds
181,Sao Gabriel Da Cachoeira,BR,-0.1303,-67.0892,85.8,74,40,5.75,Clouds,scattered clouds
182,Samdari,IN,25.8167,72.5833,86.04,17,2,9.57,Clear,clear sky
183,Auki,SB,-8.7676,160.7034,77.56,88,78,4.09,Clouds,broken clouds
184,Kyaikto,MM,17.3,97.0167,82.35,74,6,2.82,Clear,clear sky
185,Sao Filipe,CV,14.8961,-24.4956,74.41,74,0,5.93,Clear,clear sky
186,Klaksvik,FO,62.2266,-6.589,45.52,83,73,18.59,Clouds,broken clouds
187,Talaya,RU,61.3833,152.75,1.96,99,93,2.01,Clouds,overcast clouds
188,Vila Franca Do Campo,PT,37.7167,-25.4333,57.61,68,86,10.09,Clouds,overcast clouds
189,Westport,US,41.1415,-73.3579,70.09,30,0,17.27,Clear,clear sky
190,Alice Springs,AU,-23.7,133.8833,53.15,58,97,6.91,Clouds,overcast clouds
191,Voznesenye,RU,61.0106,35.4781,34.3,97,87,1.41,Clouds,overcast clouds
192,Bangolo,CI,7.0069,-7.475,73.63,88,65,2.84,Rain,light rain
193,Fengrun,CN,39.8333,118.1167,50.54,47,0,3.78,Clear,clear sky
194,Tezu,IN,27.9167,96.1667,69.08,97,100,4.54,Clouds,overcast clouds
195,Bridlington,GB,54.0831,-0.1919,49.89,86,0,18.32,Clear,clear sky
196,Corinto,GR,37.9407,22.9573,62.42,76,94,1.01,Clouds,overcast clouds
197,Huilong,CN,31.8111,121.655,64.02,96,100,5.77,Rain,moderate rain
198,Castro,BR,-24.7911,-50.0119,66.43,84,7,8.57,Clear,clear sky
199,Goderich,CA,43.7501,-81.7165,43.92,81,100,8.32,Clouds,overcast clouds
200,Salinopolis,BR,-0.6136,-47.3561,80.26,82,53,5.68,Rain,moderate rain
201,Bilma,NE,18.6853,12.9164,92.05,11,2,7.45,Clear,clear sky
202,Daru,PG,-9.0763,143.2092,77.45,89,100,7.99,Clouds,overcast clouds
203,Camacha,PT,33.0833,-16.3333,58.42,72,40,25.32,Clouds,scattered clouds
204,Balabac,PH,7.9868,117.0645,82.42,80,14,11.61,Clouds,few clouds
205,Baykit,RU,61.67,96.37,25.52,94,100,5.08,Clouds,overcast clouds
206,Stantsionno-Oyashinskiy,RU,55.4664,83.8245,24.73,60,97,11.36,Clouds,overcast clouds
207,Belaya Gora,RU,68.5333,146.4167,2.25,100,100,3.02,Clouds,overcast clouds
208,Ilulissat,GL,69.2167,-51.1,23.02,80,100,5.75,Snow,light shower snow
209,Whitehorse,CA,60.7161,-135.0538,44.1,35,20,16.11,Clouds,few clouds
210,Zhezkazgan,KZ,47.8043,67.7144,52.12,63,10,9.26,Clear,clear sky
211,Kodiak,US,57.79,-152.4072,42.31,87,100,17.27,Clouds,overcast clouds
212,Senneterre,CA,48.3835,-77.2328,37.15,59,83,9.8,Clouds,broken clouds
213,Cherskiy,RU,68.75,161.3,18.9,95,99,6.82,Snow,light snow
214,Saskylakh,RU,71.9167,114.0833,-3.84,100,98,4.63,Clouds,overcast clouds
215,Kitui,KE,-1.367,38.0106,66.58,91,89,4.38,Rain,light rain
216,Viedma,AR,-40.8135,-62.9967,56.23,49,6,15.41,Clear,clear sky
217,Santa Rosa,PH,14.3122,121.1114,82.02,76,17,9.08,Clouds,few clouds
218,Lorengau,PG,-2.0226,147.2712,81.88,76,70,6.42,Clouds,broken clouds
219,Balsta,SE,59.5671,17.5278,45.28,71,8,9.78,Clear,clear sky
220,Kirkland Lake,CA,48.1446,-80.0377,41.29,28,99,5.53,Clouds,overcast clouds
221,Yenagoa,NG,4.9247,6.2642,78.31,89,98,6.53,Clouds,overcast clouds
222,Yulara,AU,-25.2406,130.9889,60.64,48,100,10.36,Clouds,overcast clouds
223,Mount Isa,AU,-20.7333,139.5,69.57,83,100,12.66,Clouds,overcast clouds
224,Iqaluit,CA,63.7506,-68.5145,13.73,61,100,5.75,Clouds,overcast clouds
225,Katsuura,JP,35.1333,140.3,62.44,87,76,10.42,Clouds,broken clouds
226,Raudeberg,NO,61.9875,5.1352,56.07,78,42,16.96,Clouds,scattered clouds
227,Melenki,RU,55.3343,41.6295,44.55,76,52,2.89,Clouds,broken clouds
228,Tianjin,CN,39.1422,117.1767,51.75,82,0,4.47,Clear,clear sky
229,Chicama,PE,-7.8447,-79.1469,63.14,67,68,9.95,Clouds,broken clouds
230,Kasongo-Lunda,CD,-6.4667,16.8167,71.04,97,100,0.18,Rain,moderate rain
231,Salalah,OM,17.0151,54.0924,82.49,78,20,4.61,Clouds,few clouds
232,Gravdal,NO,68.1214,13.5031,39.09,93,75,3.44,Clouds,broken clouds
233,Abong Mbang,CM,3.9833,13.1833,69.53,91,38,0.36,Rain,light rain
234,Stillwater,US,36.1156,-97.0584,79.56,64,100,28.77,Clouds,overcast clouds
235,Emba,KZ,48.8264,58.1442,51.21,80,74,16.89,Rain,light rain
236,Nongan,CN,44.382,125.1685,48.29,29,49,16.58,Clouds,scattered clouds
237,Cayenne,GF,4.9333,-52.3333,78.84,1,40,2.3,Rain,light rain
238,Ponta Delgada,PT,37.7333,-25.6667,57.92,58,75,10.36,Clouds,broken clouds
239,Voyvozh,RU,62.892,54.9635,27.23,92,100,4.54,Clouds,overcast clouds
240,Andapa,MG,-14.65,49.65,69.39,99,100,0.47,Clouds,overcast clouds
241,Beringovskiy,RU,63.05,179.3167,23.34,94,100,3.85,Clouds,overcast clouds
242,Atar,MR,20.5169,-13.0499,82.83,17,66,13.0,Clouds,broken clouds
243,Falmouth,GB,50.1544,-5.0711,56.3,76,75,17.27,Clouds,broken clouds
244,Mahebourg,MU,-20.4081,57.7,77.29,73,75,14.97,Clouds,broken clouds
245,Fare,PF,-16.7,-151.0167,79.09,79,73,13.8,Rain,moderate rain
246,Norman Wells,CA,65.282,-126.8329,24.84,46,0,12.66,Clear,clear sky
247,Muros,ES,42.7762,-9.0603,50.16,83,100,5.14,Clouds,overcast clouds
248,Kavaratti,IN,10.5669,72.642,84.52,71,97,3.36,Clouds,overcast clouds
249,Vitrolles,FR,43.46,5.2486,59.36,71,0,9.22,Clear,clear sky
250,Aklavik,CA,68.2191,-135.0107,21.07,87,100,17.76,Clouds,overcast clouds
251,Amposta,ES,40.7131,0.581,57.24,84,100,6.2,Clouds,overcast clouds
252,Hofn,IS,64.2539,-15.2082,45.14,84,12,3.76,Clouds,few clouds
253,Surt,LY,31.2089,16.5887,64.31,73,0,10.27,Clear,clear sky
254,Esmeralda,CU,21.8525,-78.1169,81.88,62,41,15.86,Clouds,scattered clouds
255,Ketchikan,US,55.3422,-131.6461,50.47,57,0,12.66,Clear,clear sky
256,Pangnirtung,CA,66.1451,-65.7125,10.4,79,0,3.44,Clear,clear sky
257,Namibe,AO,-15.1961,12.1522,72.34,83,68,2.98,Clouds,broken clouds
258,Montagnana,IT,45.2287,11.4635,56.41,83,96,4.43,Clouds,overcast clouds
259,Buenavista,PH,8.9769,125.4089,74.62,91,68,4.88,Clouds,broken clouds
260,Antalaha,MG,-14.9003,50.2788,74.64,92,92,4.99,Rain,light rain
261,Port Hedland,AU,-20.3167,118.5667,78.85,29,96,5.75,Clouds,overcast clouds
262,Kununurra,AU,-15.7667,128.7333,64.38,94,8,0.0,Clear,clear sky
263,Fukue,JP,32.6881,128.8419,64.89,87,100,9.53,Clouds,overcast clouds
264,Baruun-Urt,MN,46.6806,113.2792,45.55,49,100,18.52,Clouds,overcast clouds
265,Avera,US,33.194,-82.5271,82.54,48,3,5.19,Clear,clear sky
266,La Reforma,MX,25.0833,-108.05,83.41,48,47,13.98,Clouds,scattered clouds
267,Sorland,NO,67.667,12.6934,40.86,79,93,18.52,Clouds,overcast clouds
268,Chumikan,RU,54.7183,135.315,20.39,97,100,1.99,Clouds,overcast clouds
269,Biak,ID,-0.9131,122.8766,76.96,83,100,2.8,Clouds,overcast clouds
270,Vanimo,PG,-2.6741,141.3028,76.98,91,100,2.39,Rain,light rain
271,Humaita,BR,-7.5061,-63.0208,83.23,72,100,2.51,Clouds,overcast clouds
272,Samandag,TR,36.0842,35.9771,68.52,47,0,5.91,Clear,clear sky
273,Inverell,AU,-29.7833,151.1167,58.66,87,47,4.0,Clouds,scattered clouds
274,Padang,ID,-0.9492,100.3543,79.09,84,100,3.2,Clouds,overcast clouds
275,Gejiu,CN,23.306,103.1635,54.99,87,79,4.34,Clouds,broken clouds
276,Abha,SA,18.2164,42.5053,66.02,37,40,19.57,Rain,light rain
277,Okhotsk,RU,59.3833,143.3,24.62,87,97,2.53,Clouds,overcast clouds
278,Bereda,ES,43.2686,-7.5406,46.42,100,100,3.87,Clouds,overcast clouds
279,Sembakung,ID,3.8167,117.25,73.36,99,72,2.15,Clouds,broken clouds
280,High Level,CA,58.5169,-117.136,46.51,46,75,5.75,Clouds,broken clouds
281,Altay,CN,47.8667,88.1167,35.44,78,30,4.18,Clouds,scattered clouds
282,Tasiilaq,GL,65.6145,-37.6368,41.16,94,100,5.82,Clouds,overcast clouds
283,Ohara,JP,35.25,140.3833,60.71,88,59,4.56,Clouds,broken clouds
284,Serebryanyy Bor,RU,56.8,124.8,-2.92,99,100,0.89,Clouds,overcast clouds
285,Bosaso,SO,11.2842,49.1816,83.14,72,85,2.75,Clouds,overcast clouds
286,Thinadhoo,MV,0.5333,72.9333,84.43,74,100,12.33,Clouds,overcast clouds
287,Ballina,AU,-28.8667,153.5667,66.16,89,100,11.5,Clouds,overcast clouds
288,Ternate,ID,0.8,127.4,79.05,85,100,2.04,Rain,light rain
289,Ust-Tsilma,RU,65.441,52.1498,27.05,96,99,7.49,Snow,light snow
290,Twin Falls,US,42.3505,-114.6445,47.3,66,0,24.16,Clear,clear sky
291,Amnat Charoen,TH,15.9167,104.75,79.12,72,8,3.44,Clear,clear sky
292,Cadillac,US,44.2519,-85.4012,57.07,43,0,9.22,Clear,clear sky
293,Bayji,IQ,34.9311,43.487,72.43,11,0,7.14,Clear,clear sky
294,Mount Gambier,AU,-37.8333,140.7667,44.51,81,1,4.61,Clear,clear sky
295,Unai,BR,-16.3575,-46.9061,85.05,37,100,2.44,Clouds,overcast clouds
296,Kampene,CD,-3.6,26.6667,73.26,86,100,0.85,Clouds,overcast clouds
297,Alyangula,AU,-13.8483,136.4192,73.27,100,2,0.0,Clear,clear sky
298,Canatlan,MX,24.5167,-104.7833,87.31,10,9,2.55,Clear,clear sky
299,Roma,US,43.2128,-75.4557,57.38,48,20,11.99,Clouds,few clouds
300,Celestun,MX,20.8667,-90.4,85.26,62,2,20.78,Clear,clear sky
301,Boa Vista,BR,2.8197,-60.6733,85.98,62,40,8.05,Clouds,scattered clouds
302,Wangqing,CN,43.3218,129.7634,36.45,49,8,1.57,Clear,clear sky
303,Ancud,CL,-41.8697,-73.8203,53.22,89,100,17.05,Rain,light rain
304,Kiama,AU,-34.6833,150.8667,61.38,94,95,1.99,Clouds,overcast clouds
305,Frunze,UA,48.6686,38.7544,45.77,81,12,4.52,Clouds,few clouds
306,Puerto Ayora,EC,-0.7393,-90.3518,80.56,82,51,8.79,Clouds,broken clouds
307,Tiarei,PF,-17.5333,-149.3333,78.82,76,70,19.86,Rain,light rain
308,Onega,RU,63.9061,38.1404,33.08,96,100,9.57,Clouds,overcast clouds
309,Zhuhai,CN,22.2769,113.5678,78.85,100,40,8.05,Mist,mist
310,Maramba,TZ,-5.05,38.6167,65.34,93,100,0.65,Clouds,overcast clouds
311,Zapopan,MX,20.7167,-103.4,89.94,23,2,4.85,Clear,clear sky
312,Waddan,LY,29.1614,16.139,72.45,29,6,17.0,Clear,clear sky
313,Saiha,IN,22.4833,92.9667,66.78,98,3,2.42,Clear,clear sky
314,Sumbe,AO,-11.2061,13.8437,77.04,89,63,5.57,Clouds,broken clouds
315,Mogadishu,SO,2.0371,45.3438,82.96,77,12,16.44,Clouds,few clouds
316,Sumenep,ID,-7.0167,113.8667,79.92,82,100,6.51,Clouds,overcast clouds
317,Pitea,SE,65.3172,21.4794,44.69,90,92,5.37,Clouds,overcast clouds
318,Male,MV,4.1748,73.5089,80.55,94,100,2.3,Clouds,overcast clouds
319,Tshikapa,CD,-6.4167,20.8,71.83,94,66,1.61,Clouds,broken clouds
320,Rio Tercero,AR,-32.173,-64.1141,65.44,46,14,7.52,Clouds,few clouds
321,Maniitsoq,GL,65.4167,-52.9,31.01,91,100,4.59,Clouds,overcast clouds
322,Tubuala,PA,9.5167,-79.0333,81.97,69,99,3.49,Clouds,overcast clouds
323,Linxi,CN,39.7,118.4333,50.45,53,0,4.59,Clear,clear sky
324,Kholm,RU,59.2667,32.85,46.94,82,100,1.9,Clouds,overcast clouds
325,Kidal,ML,18.4411,1.4078,89.78,12,9,10.07,Clear,clear sky
326,Mana,GF,5.6592,-53.7767,74.64,95,100,5.19,Clouds,overcast clouds
327,Northam,GB,51.0333,-4.2167,55.62,72,63,17.07,Clouds,broken clouds
328,Kota Belud,MY,6.351,116.4305,76.62,86,96,4.25,Clouds,overcast clouds
329,Haapiti,PF,-17.5667,-149.8667,78.53,74,80,17.27,Rain,moderate rain
330,Dickinson,US,29.4608,-95.0513,85.06,69,75,17.27,Clouds,broken clouds
331,Vao,NC,-22.6667,167.4833,74.68,63,72,13.15,Clouds,broken clouds
332,Patiya,BD,22.2931,91.9762,76.55,89,0,4.88,Clear,clear sky
333,Caborca,MX,30.5838,-111.101,83.43,14,0,25.12,Clear,clear sky
334,Te Anau,NZ,-45.4167,167.7167,44.15,87,73,3.47,Clouds,broken clouds
335,Leningradskiy,RU,69.3833,178.4167,14.31,92,42,3.78,Clouds,scattered clouds
336,Haines Junction,CA,60.7522,-137.5108,40.95,42,95,5.75,Clouds,overcast clouds
337,Morlaix,FR,48.5833,-4.0,57.25,75,0,19.57,Clear,clear sky
338,Saint-Francois,FR,46.4154,3.9054,58.44,55,0,5.75,Clear,clear sky
339,Guarapuava,BR,-25.3953,-51.4581,63.03,91,6,5.14,Clear,clear sky
340,Davenda,RU,53.5556,119.317,21.88,57,4,3.94,Clear,clear sky
341,Oprisor,RO,44.2833,23.0833,53.67,89,8,13.33,Rain,light rain
342,Hami,CN,42.8,93.45,64.8,17,100,9.28,Clouds,overcast clouds
343,Sidney,AU,-33.8679,151.2073,59.63,92,40,5.75,Clouds,scattered clouds
344,Half Moon Bay,US,37.4636,-122.4286,62.91,68,20,11.5,Clouds,few clouds
345,Miri,MY,4.4148,114.0089,75.34,94,40,4.61,Rain,light rain
346,Lasa,IT,46.6166,10.7002,50.88,97,94,1.9,Clouds,overcast clouds
347,Lebu,CL,-37.6167,-73.65,57.38,85,73,8.21,Clouds,broken clouds
348,Inhambane,MZ,-23.865,35.3833,72.88,75,100,3.02,Clouds,overcast clouds
349,Jumla,NP,29.2747,82.1838,47.97,76,7,2.71,Clear,clear sky
350,Tura,IN,25.5198,90.2201,70.68,94,2,5.99,Clear,clear sky
351,Bomi,SL,7.2461,-11.5258,80.78,74,94,5.32,Clouds,overcast clouds
352,Kamaishi,JP,39.2667,141.8833,51.46,81,100,8.14,Clouds,overcast clouds
353,Shingu,JP,33.7333,135.9833,58.87,82,100,6.4,Clouds,overcast clouds
354,Los Llanos De Aridane,ES,28.6585,-17.9182,62.35,77,40,4.61,Clouds,scattered clouds
355,Sangar,RU,63.9242,127.4739,7.88,97,100,1.43,Clouds,overcast clouds
356,Solnechnyy,RU,50.7214,136.6319,24.89,94,100,6.26,Clouds,overcast clouds
357,Banepa,NP,27.6298,85.5214,61.12,72,20,2.3,Clouds,few clouds
358,Maningrida,AU,-12.0667,134.2667,73.4,72,11,5.99,Clouds,few clouds
359,Kuybysheve,UA,47.358,36.6491,43.56,80,93,5.26,Clouds,overcast clouds
360,Basar,IN,27.9833,94.6667,65.77,99,99,1.61,Rain,moderate rain
361,Sangueya,GN,10.7,-14.3667,77.38,77,100,7.56,Clouds,overcast clouds
362,Njeru,UG,0.4186,33.1731,65.26,90,85,1.97,Rain,light rain
363,Talnakh,RU,69.4865,88.3972,5.14,86,99,0.18,Clouds,overcast clouds
364,Noumea,NC,-22.2763,166.4572,75.0,99,96,9.98,Clouds,overcast clouds
365,Mandurah,AU,-32.55,115.7,60.91,61,0,16.73,Clear,clear sky
366,Agirish,RU,61.9247,63.0231,11.68,98,37,2.71,Clouds,scattered clouds
367,Lazaro Cardenas,MX,17.9583,-102.2,85.64,51,0,12.15,Clear,clear sky
368,Tessaoua,NE,13.7574,7.9874,94.15,21,16,6.73,Clouds,few clouds
369,Duzce,TR,40.8389,31.1639,61.41,59,29,6.8,Clouds,scattered clouds
370,Trabzon,TR,40.9167,39.8333,44.69,100,75,5.75,Clouds,broken clouds
371,Lagoa,PT,39.05,-27.9833,56.77,69,100,12.48,Clouds,overcast clouds
372,Guerrero Negro,MX,27.9769,-114.0611,68.23,57,58,23.26,Clouds,broken clouds
373,Nur,PL,52.6683,22.3221,40.28,93,54,5.91,Clouds,broken clouds
374,Coos Bay,US,43.3665,-124.2179,60.31,70,0,10.36,Clear,clear sky
375,Oakville,CA,43.4501,-79.6829,62.46,54,63,2.64,Clouds,broken clouds
376,Cravo Norte,CO,6.3017,-70.2041,91.11,44,31,2.62,Clouds,scattered clouds
377,Rajanpur,PK,29.1035,70.325,85.8,17,10,5.48,Clear,clear sky
378,San Quintin,MX,30.4833,-115.95,64.33,65,64,20.96,Clouds,broken clouds
379,San Luis,AR,-33.295,-66.3356,64.74,50,87,14.58,Clouds,overcast clouds
380,Povenets,RU,62.8487,34.8262,28.63,98,83,2.48,Clouds,broken clouds
381,Igarka,RU,67.4667,86.5833,13.73,96,98,8.52,Clouds,overcast clouds
382,Constantine,DZ,36.365,6.6147,60.21,44,0,11.5,Clear,clear sky
383,Margate,GB,51.3813,1.3862,52.3,86,100,7.0,Clouds,overcast clouds
384,Bondoukou,CI,8.0333,-2.8,81.81,58,55,3.06,Rain,light rain
385,Berlevag,NO,70.8578,29.0864,39.15,81,75,17.27,Clouds,broken clouds
386,Narsaq,GL,60.9167,-46.05,50.22,78,100,3.6,Clouds,overcast clouds
387,Rajur,IN,20.1167,78.9167,90.55,37,45,5.19,Clouds,scattered clouds
388,Huarmey,PE,-10.0681,-78.1522,71.91,77,31,10.83,Clouds,scattered clouds
389,Agas,RO,46.4833,26.2167,46.08,93,71,3.38,Clouds,broken clouds
390,Henties Bay,NA,-22.116,14.2845,63.14,83,0,6.04,Clear,clear sky
391,Onguday,RU,50.75,86.15,30.49,83,9,0.83,Clear,clear sky
392,Sidi Ali,DZ,36.0998,0.4206,59.59,56,74,4.36,Clouds,broken clouds
393,Flin Flon,CA,54.7682,-101.865,40.84,45,75,10.36,Clouds,broken clouds
394,Arona,ES,28.0996,-16.681,60.82,62,40,6.91,Clouds,scattered clouds
395,Eagle Pass,US,28.7091,-100.4995,91.27,45,3,25.43,Clear,clear sky
396,Odweyne,SO,9.4092,45.064,77.0,50,72,5.21,Clouds,broken clouds
397,Paita,PE,-5.0892,-81.1144,74.59,71,17,14.79,Clouds,few clouds
398,Keetmanshoop,NA,-26.5833,18.1333,74.32,31,66,5.75,Clouds,broken clouds
399,Aleksandrovsk-Sakhalinskiy,RU,50.8975,142.1561,30.97,98,100,11.77,Snow,snow
400,Amapa,BR,1.0,-52.0,71.96,99,100,2.37,Clouds,overcast clouds
401,Two Hills,CA,53.7169,-111.7518,39.92,55,100,5.75,Clouds,overcast clouds
402,Deputatskiy,RU,69.3,139.9,-3.15,100,97,3.53,Clouds,overcast clouds
403,Vanderhoof,CA,54.0166,-124.0198,49.42,48,100,8.23,Clouds,overcast clouds
404,Saryozek,KZ,44.3583,77.9753,54.45,35,5,3.51,Clear,clear sky
405,Veraval,IN,20.9,70.3667,83.12,56,0,11.39,Clear,clear sky
406,Algiers,DZ,36.7525,3.042,60.62,59,0,10.36,Clear,clear sky
407,Coahuayana,MX,18.7333,-103.6833,90.5,38,4,8.55,Clear,clear sky
408,Basirpur,PK,30.5832,73.829,81.32,22,0,6.64,Clear,clear sky
409,Erenhot,CN,43.6475,111.9767,54.5,25,94,16.71,Clouds,overcast clouds
410,Senanga,ZM,-16.1167,23.2667,69.04,59,100,5.17,Clouds,overcast clouds
411,Mehran,IR,33.1222,46.1646,75.04,14,2,8.1,Clear,clear sky
412,Dodoma,TZ,-6.1722,35.7395,69.35,79,90,8.46,Clouds,overcast clouds
413,Amos,CA,48.5669,-78.1162,42.19,59,18,7.99,Clouds,few clouds
414,Itaituba,BR,-4.2761,-55.9836,86.16,70,75,5.75,Clouds,broken clouds
415,Ariquemes,BR,-9.9133,-63.0408,80.94,86,84,2.37,Clouds,broken clouds
416,Santa Cruz Del Sur,CU,20.7147,-77.9956,83.55,61,83,15.08,Rain,light rain
417,Oranjestad,AW,12.524,-70.027,85.95,58,20,12.66,Clouds,few clouds
418,Tlachichuca,MX,19.1,-97.4167,60.66,54,64,10.85,Clouds,broken clouds
419,Mercedes,AR,-34.6515,-59.4307,58.64,38,20,12.21,Clouds,few clouds
420,Usagara,TZ,-2.6833,33.0,66.42,82,49,4.41,Clouds,scattered clouds
421,Luderitz,NA,-26.6481,15.1594,62.4,71,0,18.63,Clear,clear sky
422,Amahai,ID,-3.3333,128.9167,78.33,88,100,3.33,Clouds,overcast clouds
423,Villefranche-De-Rouergue,FR,44.3333,2.0,59.77,94,100,5.12,Clouds,overcast clouds
424,Harper,LR,4.375,-7.7169,78.51,84,21,5.82,Clouds,few clouds
425,Khandyga,RU,62.6667,135.6,8.76,97,96,2.91,Clouds,overcast clouds
426,Cienfuegos,CU,22.1461,-80.4356,86.14,54,40,11.5,Clouds,scattered clouds
427,Nouadhibou,MR,20.931,-17.0347,69.78,60,0,20.71,Clear,clear sky
428,Boysun,UZ,38.2061,67.1986,60.42,48,55,4.79,Clouds,broken clouds
429,Erzin,TR,36.9559,36.2,66.69,50,0,4.54,Clear,clear sky
430,Akyab,MM,20.15,92.9,81.9,78,7,6.2,Clear,clear sky
431,Tigil,RU,57.8,158.6667,12.65,96,92,2.89,Clouds,overcast clouds
432,Kahului,US,20.8947,-156.47,75.97,82,75,14.97,Rain,light rain
433,Djenne,ML,13.9061,-4.5533,95.95,10,100,8.75,Clouds,overcast clouds
434,Maldonado,UY,-34.6667,-54.9167,60.22,90,100,13.85,Rain,moderate rain
435,Grand Bank,CA,47.0999,-55.765,43.99,72,100,18.43,Clouds,overcast clouds
436,Rochegda,RU,62.8,43.25,37.98,98,100,6.71,Clouds,overcast clouds
437,Dogbo,BJ,6.8167,1.7833,77.72,88,60,5.14,Rain,moderate rain
438,Trincomalee,LK,8.5711,81.2335,79.43,85,100,7.18,Clouds,overcast clouds
439,Srivardhan,IN,18.0333,73.0167,83.73,84,72,3.18,Clouds,broken clouds
440,Pingliang,CN,35.5392,106.6861,51.24,51,52,2.39,Clouds,broken clouds
441,Jardim,BR,-21.4803,-56.1381,81.61,54,98,1.83,Clouds,overcast clouds
442,Serafimovskiy,RU,54.4241,53.7964,36.97,66,1,6.35,Clear,clear sky
443,Hamilton,US,39.1834,-84.5333,78.03,39,0,10.36,Clear,clear sky
444,Tottori,JP,35.5,134.2333,59.0,73,100,7.31,Clouds,overcast clouds
445,Trat,TH,12.5,102.5,76.95,89,11,1.45,Clouds,few clouds
446,Umm Kaddadah,SD,13.6017,26.6876,84.07,12,2,5.77,Clear,clear sky
447,Kangundo,KE,-1.2979,37.3471,66.54,90,100,2.15,Rain,light rain
448,Harindanga,IN,22.0383,88.3214,81.43,85,13,13.58,Clouds,few clouds
449,Peniche,PT,39.3558,-9.3811,50.94,87,100,17.69,Clouds,overcast clouds
450,Inuvik,CA,68.3499,-133.7218,25.66,39,0,8.05,Clear,clear sky
451,Salym,RU,60.0625,71.4789,10.58,96,70,5.75,Clouds,broken clouds
452,Pafos,CY,34.7667,32.4167,60.58,82,0,2.3,Clear,clear sky
453,Porto Novo,BJ,6.4965,2.6036,84.02,79,100,9.82,Clouds,overcast clouds
454,Kudahuvadhoo,MV,2.6708,72.8944,84.36,71,100,13.87,Rain,moderate rain
455,San Ramon,US,37.7799,-121.978,62.56,63,75,9.22,Clouds,broken clouds
456,Srandakan,ID,-7.9386,110.2506,76.12,88,51,4.88,Clouds,broken clouds
457,Vryburg,ZA,-26.9566,24.7284,66.16,59,100,5.88,Clouds,overcast clouds
458,Bagh,IN,22.3667,74.7667,89.49,15,5,9.42,Clear,clear sky
459,Kibakwe,TZ,-6.7167,36.3667,65.64,93,99,3.83,Clouds,overcast clouds
460,Poum,NC,-20.2333,164.0167,75.76,73,63,9.8,Clouds,broken clouds
461,Porto Walter,BR,-8.2686,-72.7439,86.23,61,72,3.69,Clouds,broken clouds
462,Satka,RU,55.0425,59.04,33.44,66,0,3.24,Clear,clear sky
463,Puerto Escondido,MX,15.85,-97.0667,86.85,60,28,8.48,Clouds,scattered clouds
464,Saint John,CA,45.2727,-66.0677,50.0,87,75,5.75,Clouds,broken clouds
465,Bredasdorp,ZA,-34.5322,20.0403,60.91,51,100,8.01,Clouds,overcast clouds
466,Nantucket,US,41.2835,-70.0995,68.14,37,0,16.11,Clear,clear sky
467,Tuatapere,NZ,-46.1333,167.6833,44.89,89,25,5.91,Clouds,scattered clouds
468,Guadalupe Y Calvo,MX,26.1,-106.9667,74.8,17,100,12.21,Clouds,overcast clouds
469,Caravelas,BR,-17.7125,-39.2481,78.21,69,9,6.96,Clear,clear sky
470,Tambura,SS,5.6,27.4667,71.04,80,83,3.85,Clouds,broken clouds
471,Saint George,US,37.1041,-113.5841,53.64,65,100,25.32,Clouds,overcast clouds
472,Livingstone,ZM,-17.8419,25.8543,66.61,77,94,3.02,Clouds,overcast clouds
473,Tolmezzo,IT,46.4075,13.0175,52.41,92,100,4.03,Clouds,overcast clouds
474,Linxia,CN,35.6003,103.2064,51.1,59,22,3.04,Clouds,few clouds
475,Bjerkvik,NO,68.5597,17.5189,39.0,91,100,3.4,Clouds,overcast clouds
476,Xingyi,CN,24.1877,102.817,56.01,88,1,2.01,Clear,clear sky
477,Tokur,RU,53.1333,132.9,17.98,97,100,1.88,Clouds,overcast clouds
478,Palmer,US,42.1584,-72.3287,64.24,30,20,13.8,Clouds,few clouds
479,Lumphat,KH,13.4878,106.9816,74.44,87,39,2.66,Clouds,scattered clouds
480,Petropavlovsk-Kamchatskiy,RU,53.0452,158.6483,30.79,80,75,4.47,Clouds,broken clouds
481,East London,ZA,-33.0153,27.9116,64.81,93,98,13.44,Rain,heavy intensity rain
482,Ostroleka,PL,53.0862,21.5757,41.94,92,35,6.2,Clouds,scattered clouds
483,Oistins,BB,13.0667,-59.5333,86.09,51,20,17.27,Clouds,few clouds
484,Nata,PA,8.3333,-80.5167,85.87,61,98,10.02,Clouds,overcast clouds
485,Sembe,CG,1.6481,14.5806,75.76,85,83,1.97,Clouds,broken clouds
486,Tahe,CN,52.3333,124.7333,25.93,82,4,2.77,Clear,clear sky
487,Adrar,MR,20.5022,-10.0711,79.86,14,50,12.35,Clouds,scattered clouds
488,Bonavista,CA,48.6499,-53.1147,39.72,62,100,16.91,Clouds,overcast clouds
489,Melun,FR,48.5,2.75,61.56,72,0,4.61,Clear,clear sky
490,Bowen,AU,-20.0167,148.2333,74.98,84,100,16.75,Clouds,overcast clouds
491,Zlobin,HR,45.2924,14.6541,48.16,87,40,3.44,Clouds,scattered clouds
492,Ozinki,RU,51.1786,49.6769,50.72,95,100,10.87,Clouds,overcast clouds
493,Dingle,PH,10.9995,122.6711,76.15,91,26,7.07,Clouds,scattered clouds
494,Weligama,LK,5.9667,80.4167,79.5,82,100,3.85,Clouds,overcast clouds
495,Zadar,HR,44.1197,15.2422,52.41,93,20,2.3,Clouds,few clouds
496,Fort Carson,US,38.7375,-104.7889,84.45,10,0,31.07,Clear,clear sky
497,Purwa,IN,26.4667,80.7833,78.82,21,0,4.45,Clear,clear sky
498,Buenaventura,CO,3.8801,-77.0312,82.22,78,99,4.16,Clouds,overcast clouds
499,Ouango,CF,4.3133,22.5552,70.83,94,96,2.48,Clouds,overcast clouds
500,Senno,RU,59.5336,33.9167,45.86,86,100,2.19,Clouds,overcast clouds
501,Atagay,RU,55.1033,99.3875,31.23,87,100,18.63,Snow,light snow
502,Acarau,BR,-2.8856,-40.12,80.44,82,95,10.29,Rain,light rain
503,Melo,UY,-32.3667,-54.1833,64.6,92,100,5.06,Rain,light rain
504,Aykhal,RU,66.0,111.5,2.32,100,100,5.14,Clouds,overcast clouds
505,Berdigestyakh,RU,62.0989,126.6992,15.3,98,100,1.23,Clouds,overcast clouds
506,Sola,VU,-13.8833,167.55,81.72,73,100,7.38,Clouds,overcast clouds
507,Carauari,BR,-4.8828,-66.8958,82.15,88,85,2.37,Clouds,overcast clouds
508,Asau,RO,46.4333,26.4,52.72,92,74,3.8,Clouds,broken clouds
509,Saint-Joseph,RE,-21.3667,55.6167,75.58,81,50,17.52,Rain,light rain
510,Santa Isabel Do Rio Negro,BR,-0.4139,-65.0192,81.5,92,89,0.47,Clouds,overcast clouds
511,Manturovo,RU,58.3353,44.7619,39.16,70,4,5.37,Clear,clear sky
512,Fort Nelson,CA,58.8053,-122.7002,45.99,36,75,0.0,Clouds,broken clouds
513,Qax,AZ,41.4225,46.9242,54.59,73,20,4.59,Clouds,few clouds
514,Balykshi,KZ,47.0667,51.8667,48.2,61,0,6.71,Clear,clear sky
515,Kambove,CD,-10.8764,26.5969,63.34,89,84,3.62,Clouds,broken clouds
516,Jilin,CN,43.0,126.0,39.99,46,0,6.15,Clear,clear sky
517,Alnashi,RU,56.1874,52.4792,34.0,78,78,5.75,Clouds,broken clouds
518,Paulo Ramos,BR,-4.2167,-45.1833,80.64,90,87,2.89,Clouds,overcast clouds
519,Santa Vitoria Do Palmar,BR,-33.5189,-53.3681,59.38,92,100,7.29,Clouds,overcast clouds
520,Ulladulla,AU,-35.35,150.4667,58.1,88,94,4.36,Clouds,overcast clouds
521,Semikarakorsk,RU,47.5194,40.8112,48.9,85,99,6.38,Clouds,overcast clouds
522,Sao Joao Da Barra,BR,-21.6403,-41.0511,89.69,78,0,9.57,Clear,clear sky
523,Arbuzynka,UA,47.9097,31.3196,45.09,71,64,12.48,Clouds,broken clouds
524,Khani,GE,41.9563,42.9566,40.57,85,52,4.32,Clouds,broken clouds
525,Dongsheng,CN,39.8161,109.9776,51.04,32,0,14.76,Clear,clear sky
526,Araouane,ML,18.9048,-3.5265,83.66,7,99,10.89,Clouds,overcast clouds
527,Finschhafen,PG,-6.6024,147.8681,76.03,94,100,4.43,Rain,moderate rain
528,Mohpa,IN,21.3167,78.8167,87.15,36,60,6.31,Clouds,broken clouds
529,Matagami,CA,49.7502,-77.6328,32.11,37,0,13.8,Clear,clear sky
530,Yumen,CN,40.2833,97.2,52.84,14,100,2.55,Clouds,overcast clouds
531,Nanzhou,CN,29.3596,112.4024,67.03,96,58,3.91,Clouds,broken clouds
532,Fairlie,GB,55.756,-4.8556,51.71,67,52,14.79,Clouds,broken clouds
533,Mattru,SL,7.6244,-11.8332,81.32,72,100,4.79,Clouds,overcast clouds
534,Meulaboh,ID,4.1363,96.1285,78.1,89,77,3.24,Rain,light rain
535,Cururupu,BR,-1.8283,-44.8683,80.94,79,100,4.25,Clouds,overcast clouds
536,Thohoyandou,ZA,-22.9456,30.485,65.05,84,0,1.61,Clear,clear sky
537,Waingapu,ID,-9.6567,120.2641,79.09,83,98,7.74,Rain,very heavy rain
538,Geelong,AU,-38.1471,144.3607,52.72,86,2,6.91,Clear,clear sky
539,Tessalit,ML,20.1986,1.0114,85.84,7,100,9.42,Clouds,overcast clouds
540,Qaqortoq,GL,60.7167,-46.0333,37.31,80,100,3.87,Clouds,overcast clouds
541,Boguchany,RU,58.3814,97.4531,34.41,99,100,3.71,Snow,light snow
542,Herat,AF,34.5,62.0,67.44,34,94,7.2,Clouds,overcast clouds
543,Culpeper,US,38.5004,-77.9664,77.02,38,0,5.75,Clear,clear sky
544,Longyearbyen,SJ,78.2186,15.6401,22.84,74,75,12.66,Clouds,broken clouds
545,Novoagansk,RU,61.9449,76.6625,15.21,93,100,12.75,Snow,light snow
546,Neuquen,AR,-38.9516,-68.0591,66.09,42,0,5.75,Clear,clear sky
547,Levelland,US,33.5873,-102.378,83.19,32,100,30.36,Clouds,overcast clouds
548,Elko,US,41.0002,-115.5012,46.74,61,100,13.0,Clouds,overcast clouds
549,Passos,BR,-20.7189,-46.6097,75.15,54,84,2.28,Clouds,broken clouds
550,Lashio,MM,22.9333,97.75,67.06,66,53,1.43,Clouds,broken clouds
551,Scarborough,GB,54.2797,-0.4044,45.79,88,2,1.99,Clear,clear sky
552,Yerbogachen,RU,61.2767,108.0108,15.48,97,84,3.76,Clouds,broken clouds
553,Tuy Hoa,VN,13.0833,109.3,74.62,91,23,2.89,Clouds,few clouds
554,Tyup,KG,42.7276,78.3648,49.68,81,100,4.09,Clouds,overcast clouds
555,Goure,NE,13.9835,10.2704,88.32,17,14,2.71,Clouds,few clouds
556,Bambanglipuro,ID,-7.95,110.2833,75.96,88,52,5.01,Clouds,broken clouds
557,Puerto Suarez,BO,-18.95,-57.8,95.36,41,75,11.5,Clouds,broken clouds
558,Chebenki,RU,51.9337,55.7077,47.95,66,91,11.48,Clouds,overcast clouds
559,Zhigansk,RU,66.7697,123.3711,9.27,95,100,8.68,Clouds,overcast clouds
560,Balkhash,KZ,46.844,74.9804,55.65,46,100,12.35,Clouds,overcast clouds
561,North Bend,US,43.4065,-124.2243,60.24,69,0,10.36,Clear,clear sky
562,Toora-Khem,RU,52.4675,96.11,24.53,67,100,8.46,Clouds,overcast clouds
563,San Juan Del Sur,NI,11.2529,-85.8705,88.02,58,40,0.0,Clouds,scattered clouds
564,Sokoto,NG,13.0609,5.239,96.58,20,40,5.91,Clouds,scattered clouds
565,Valls,ES,41.2861,1.2499,58.41,78,20,2.3,Clouds,few clouds
566,Chimbote,PE,-9.0853,-78.5783,70.72,78,71,9.28,Clouds,broken clouds
567,Buala,SB,-8.145,159.5921,79.29,82,95,3.89,Clouds,overcast clouds
568,Blankenberge,BE,51.3131,3.1323,57.15,47,34,4.0,Clouds,scattered clouds
569,Pacifica,US,37.6138,-122.4869,63.07,71,40,11.5,Clouds,scattered clouds
570,Sorong,ID,-0.8833,131.25,77.54,89,100,7.78,Clouds,overcast clouds
571,Ulaangom,MN,49.9811,92.0667,36.5,63,2,5.48,Clear,clear sky
572,Kargasok,RU,59.0556,80.8572,16.81,79,100,13.98,Clouds,overcast clouds
573,Balikpapan,ID,-1.2675,116.8289,74.39,100,20,3.44,Clouds,few clouds
574,Sioux Lookout,CA,50.1001,-91.917,39.27,56,100,9.22,Clouds,overcast clouds
575,Barabai,ID,-2.5833,115.3833,73.74,94,95,1.52,Clouds,overcast clouds
576,Standish,US,43.9831,-83.9589,54.45,55,80,8.95,Clouds,broken clouds
577,Dombas,NO,62.0696,9.1235,34.29,80,45,4.54,Clouds,scattered clouds
578,Nakamura,JP,32.9833,132.9333,57.29,81,99,4.21,Clouds,overcast clouds
579,Marzuq,YE,14.4,46.4667,70.3,50,5,5.32,Clear,clear sky
580,Ambon,ID,-3.6954,128.1814,82.02,78,100,5.82,Clouds,overcast clouds
581,Richards Bay,ZA,-28.783,32.0377,69.26,90,85,3.38,Clouds,overcast clouds
582,Casa Nova,BR,-9.4167,-41.1333,87.58,43,71,11.36,Clouds,broken clouds
583,Macusani,PE,-14.0833,-70.4333,51.4,49,71,1.1,Clouds,broken clouds
584,Hobyo,SO,5.3505,48.5268,83.57,73,73,12.35,Clouds,broken clouds
585,Moose Factory,CA,51.2585,-80.6094,26.6,74,0,13.8,Clear,clear sky
586,Aasiaat,GL,68.7098,-52.8699,20.8,82,100,4.52,Clouds,overcast clouds
587,Necochea,AR,-38.5473,-58.7368,56.32,74,100,24.23,Rain,light rain
588,Aksu,CN,41.1231,80.2644,65.26,44,88,3.42,Clouds,overcast clouds
589,Codrington,AU,-38.2667,141.9667,45.9,87,5,6.51,Clear,clear sky
590,Hun,LY,29.1268,15.9477,72.54,29,3,13.31,Clear,clear sky
591,Mezhdurechensk,RU,53.6942,88.0603,26.67,83,100,1.54,Clouds,overcast clouds
592,Lompoc,US,34.6391,-120.4579,67.57,65,75,16.11,Clouds,broken clouds
593,Zweibrucken,DE,49.25,7.3667,59.07,44,0,5.75,Clear,clear sky
594,Fereydunshahr,IR,32.941,50.121,48.25,36,30,3.51,Clouds,scattered clouds
595,Danielskuil,ZA,-28.1887,23.5395,61.97,63,93,6.06,Clouds,overcast clouds
596,Jiangyou,CN,31.7667,104.7167,63.41,73,0,3.69,Clear,clear sky
597,Almere,NL,52.3703,5.2141,59.02,66,43,12.15,Clouds,scattered clouds
598,Sabalgarh,IN,26.25,77.4,86.74,15,1,6.58,Clear,clear sky
599,Naze,JP,28.3667,129.4833,72.52,93,100,9.71,Rain,light rain
600,Takoradi,GH,4.8845,-1.7554,80.74,84,37,9.8,Clouds,scattered clouds
601,Udachnyy,RU,66.4167,112.4,2.32,99,100,4.03,Clouds,overcast clouds
602,Manzanillo,CU,20.3433,-77.1167,84.47,58,68,14.97,Clouds,broken clouds
603,Tonekabon,IR,36.8163,50.8738,58.95,90,28,0.85,Clouds,scattered clouds
604,Tugulym,RU,57.0591,64.6425,26.67,77,27,3.83,Clouds,scattered clouds
605,Ahipara,NZ,-35.1667,173.1667,63.12,55,80,17.2,Clouds,broken clouds
606,Sable-Sur-Sarthe,FR,47.8376,-0.3329,61.05,84,83,9.69,Clouds,broken clouds
607,Vila Velha,BR,-20.3297,-40.2925,89.55,59,0,11.5,Clear,clear sky
608,Price,US,39.5994,-110.8107,47.46,57,100,12.66,Clouds,overcast clouds
609,Roald,NO,62.5833,6.1333,48.33,81,0,20.71,Clear,clear sky
610,Taiyuan,CN,37.8694,112.5603,49.86,37,0,4.47,Clear,clear sky
611,Zarubino,RU,42.63,131.0922,41.81,54,1,7.07,Clear,clear sky
612,Dubbo,AU,-32.25,148.6167,55.53,88,76,10.36,Clouds,broken clouds
613,Chapais,CA,49.7834,-74.8492,29.98,62,94,13.42,Clouds,overcast clouds
614,Big Rapids,US,43.6981,-85.4837,53.69,56,75,10.36,Rain,light rain
615,Nenjiang,CN,49.1833,125.2167,41.43,54,100,4.16,Clouds,overcast clouds
616,Batagay,RU,67.6333,134.6333,8.92,99,99,1.83,Clouds,overcast clouds
617,Progreso,MX,21.2833,-89.6667,91.11,63,0,21.18,Clear,clear sky
618,Brae,GB,60.3964,-1.353,44.76,83,43,20.71,Clouds,scattered clouds
619,Druzhinino,RU,56.7895,59.5143,27.77,85,36,3.6,Clouds,scattered clouds
620,Kalmunai,LK,7.4167,81.8167,78.57,85,73,5.19,Clouds,broken clouds
621,Vostok,RU,46.4856,135.8833,31.32,99,100,4.41,Snow,light snow
622,Kiruna,SE,67.8557,20.2251,34.72,80,92,6.91,Clouds,overcast clouds
623,Beinamar,TD,8.6698,15.3813,90.55,34,67,3.15,Clouds,broken clouds
624,Flinders,AU,-34.5833,150.8552,61.18,93,88,5.99,Clouds,overcast clouds
625,Wagga Wagga,AU,-35.1167,147.3667,55.6,87,59,6.91,Clouds,broken clouds
626,Kurilsk,RU,45.2333,147.8833,43.81,95,100,7.07,Clouds,overcast clouds
627,Bandar-E Lengeh,IR,26.5579,54.8807,79.59,62,81,11.16,Clouds,broken clouds
628,Mantua,IT,45.1667,10.7833,56.44,88,96,0.85,Clouds,overcast clouds
629,Gizo,SB,-8.103,156.8419,79.74,85,100,12.5,Rain,light rain
630,Whyalla,AU,-33.0333,137.5833,55.29,76,79,10.36,Clouds,broken clouds
631,Kautokeino,NO,69.0125,23.0412,31.28,89,99,9.04,Clouds,overcast clouds
632,Alcains,PT,39.9164,-7.4566,44.53,92,100,7.58,Clouds,overcast clouds
633,Roblin,CA,51.23,-101.3565,32.43,96,100,14.41,Clouds,overcast clouds
634,Olafsvik,IS,64.8945,-23.7142,46.24,83,92,8.41,Clouds,overcast clouds
635,Mahajanga,MG,-15.7167,46.3167,80.06,78,100,6.91,Rain,moderate rain
636,Dmitrovsk-Orlovskiy,RU,52.505,35.1464,45.84,81,71,7.58,Clouds,broken clouds
637,Rafraf,TN,37.1904,10.1837,59.31,83,19,6.51,Clouds,few clouds
638,Beloha,MG,-25.1667,45.05,75.6,74,98,10.83,Clouds,overcast clouds
639,Mitsamiouli,KM,-11.3847,43.2844,80.4,83,100,18.59,Rain,light rain
640,Tikrit,IQ,34.6071,43.6782,72.86,11,0,9.55,Clear,clear sky
641,Penzance,GB,50.1186,-5.5371,52.48,84,100,17.22,Clouds,overcast clouds
642,Eydhafushi,MV,5.1033,73.0708,84.2,69,100,6.22,Rain,moderate rain
643,Shaoxing,CN,30.011,120.5715,69.75,97,100,2.89,Clouds,overcast clouds
644,Okha,RU,53.5739,142.9478,29.03,97,100,15.37,Snow,light snow
645,Marsh Harbour,BS,26.5412,-77.0636,74.08,69,55,23.31,Clouds,broken clouds
646,Tukrah,LY,32.5341,20.5791,67.96,52,67,7.38,Clouds,broken clouds
647,Neiafu,TO,-18.65,-173.9833,75.88,94,20,0.0,Clouds,few clouds
648,Rio Tuba,PH,8.5061,117.4317,81.99,79,3,12.3,Clear,clear sky
649,Uray,RU,60.1247,64.7758,7.43,97,14,2.42,Clouds,few clouds
650,Trairi,BR,-3.2778,-39.2689,79.59,84,62,7.38,Clouds,broken clouds
651,Stavern,NO,59.0,10.0333,57.92,57,42,6.69,Clouds,scattered clouds
652,Kristiinankaupunki,FI,62.2743,21.376,39.92,82,81,10.33,Clouds,broken clouds
653,Copiapo,CL,-27.3667,-70.3333,60.49,37,34,7.81,Clouds,scattered clouds
654,Bar Bigha,IN,25.2167,85.7333,85.19,28,0,5.32,Clear,clear sky
655,Riwaka,NZ,-41.0833,173.0,48.0,75,2,3.36,Clear,clear sky
656,Kieta,PG,-6.2167,155.6333,78.33,87,100,4.34,Rain,light rain
657,Magistralnyy,RU,56.1725,107.4458,21.18,88,79,2.33,Clouds,broken clouds
658,Zonguldak,TR,41.25,31.8333,52.66,75,14,6.04,Clouds,few clouds
659,Havelock,US,34.8791,-76.9013,78.98,67,71,5.01,Clouds,broken clouds
660,Grindavik,IS,63.8424,-22.4338,48.15,81,100,13.8,Clouds,overcast clouds
661,Banda Aceh,ID,5.5577,95.3222,80.53,82,49,5.41,Rain,light rain
662,Paamiut,GL,61.994,-49.6678,33.58,93,99,5.26,Clouds,overcast clouds
663,Pochinok,RU,54.4068,32.4407,42.49,83,70,8.46,Clouds,broken clouds
664,Yar-Sale,RU,66.8333,70.8333,-3.21,98,58,8.5,Clouds,broken clouds
665,Mayo,US,38.8876,-76.5119,75.61,27,0,6.91,Clear,clear sky
666,Iquitos,PE,-3.7481,-73.2472,77.04,94,75,6.91,Thunderstorm,thunderstorm with rain
667,Burns Lake,CA,54.2331,-125.7533,49.42,55,100,5.46,Clouds,overcast clouds
668,Poso,ID,-1.3959,120.7524,78.24,84,100,3.76,Clouds,overcast clouds
669,Kathmandu,NP,27.7167,85.3167,61.02,82,20,3.44,Clouds,few clouds
670,Cap Malheureux,MU,-19.9842,57.6142,77.47,75,96,11.99,Clouds,overcast clouds
671,Enshi,CN,30.3,109.4833,63.45,94,100,0.74,Clouds,overcast clouds
672,Lodja,CD,-3.4833,23.4333,74.19,80,65,0.56,Clouds,broken clouds
673,Kewanee,US,41.2456,-89.9248,73.78,88,100,15.79,Clouds,overcast clouds
674,Praia Da Vitoria,PT,38.7333,-27.0667,61.05,63,75,12.53,Clouds,broken clouds
675,Khorramabad,IR,33.4878,48.3558,59.92,24,0,2.3,Clear,clear sky
676,Abonnema,NG,4.7084,6.7931,80.89,85,96,9.08,Clouds,overcast clouds
677,Glenwood Springs,US,39.5505,-107.3248,72.52,36,75,17.27,Clouds,broken clouds
678,Aljezur,PT,37.3191,-8.8033,53.4,75,100,22.84,Clouds,overcast clouds
679,Bilibino,RU,68.0546,166.4372,10.65,95,100,0.36,Clouds,overcast clouds
680,Vallenar,CL,-28.5708,-70.7581,79.2,33,29,7.63,Clouds,scattered clouds
681,Poltavka,RU,54.3663,71.7632,32.83,52,50,8.93,Clouds,scattered clouds
682,Tilichiki,RU,60.4667,166.1,19.96,89,100,4.41,Clouds,overcast clouds
683,Sokolo,ML,14.7328,-6.1219,96.08,11,100,2.82,Clouds,overcast clouds
684,Sinnamary,GF,5.3833,-52.95,75.07,94,100,4.52,Rain,light rain
685,Puerto Asis,CO,0.5133,-76.5007,84.99,61,99,3.58,Clouds,overcast clouds
686,Ixtapa,MX,20.7,-105.2,91.17,38,7,9.44,Clear,clear sky
687,Mehamn,NO,71.0357,27.8492,39.11,80,75,17.27,Clouds,broken clouds
688,Dwarka,IN,22.2394,68.9678,80.38,79,0,10.98,Clear,clear sky
689,Sao Jose Da Coroa Grande,BR,-8.8978,-35.1478,80.49,80,18,6.89,Clouds,few clouds
